<?xml version="1.0" encoding="UTF-8"?>
<beans xmlns="http://www.springframework.org/schema/beans"
	xmlns:xsi="http://www.w3.org/2001/XMLSchema-instance"
	xsi:schemaLocation="http://www.springframework.org/schema/beans
		http://www.springframework.org/schema/beans/spring-beans.xsd
		http://www.springframework.org/schema/context
		http://www.springframework.org/schema/context/spring-context.xsd
		http://www.springframework.org/schema/tx
		http://www.springframework.org/schema/tx/spring-tx.xsd"
	   xmlns:context="http://www.springframework.org/schema/context"
	xmlns:tx="http://www.springframework.org/schema/tx">

	
	<bean id="a" class="com.sbi.Car"  scope="prototype">
		<constructor-arg ref="b"/>
	</bean>
	
	<bean id="b" class="com.sbi.Engine" scope="prototype">
		<constructor-arg ref="c"/>
	</bean>
	
	<bean id="c" class="com.sbi.Piston" scope="prototype">
		<constructor-arg value="TwinSpark"/>
	</bean>
	
</beans>