<?xml version="1.0" encoding="UTF-8"?>
<beans xmlns="http://www.springframework.org/schema/beans"
	xmlns:xsi="http://www.w3.org/2001/XMLSchema-instance"
	xsi:schemaLocation="http://www.springframework.org/schema/beans
		http://www.springframework.org/schema/beans/spring-beans.xsd
		http://www.springframework.org/schema/context
		http://www.springframework.org/schema/context/spring-context.xsd
		http://www.springframework.org/schema/tx
		http://www.springframework.org/schema/tx/spring-tx.xsd"
	   xmlns:context="http://www.springframework.org/schema/context"
	xmlns:tx="http://www.springframework.org/schema/tx">

	
	
		<bean id="myEmpServ" class="com.sbi.emp.EmployeeService">
			<property name="dataSource" ref="myds"></property>
		</bean>
	
	<bean id="myds" class="org.springframework.jdbc.datasource.DriverManagerDataSource">
		<property name="driverClassName" value="org.hsqldb.jdbc.JDBCDriver"/>
		<property name="url" value="jdbc:hsqldb:hsql://localhost/xdb"/>
		<property name="username" value="SA"/>
		<property name="password" value=""/>
	</bean>
	
</beans>