<?xml version="1.0" encoding="UTF-8"?>
<beans xmlns="http://www.springframework.org/schema/beans"
	xmlns:xsi="http://www.w3.org/2001/XMLSchema-instance"
	xsi:schemaLocation="http://www.springframework.org/schema/beans
		http://www.springframework.org/schema/beans/spring-beans.xsd
		http://www.springframework.org/schema/context
		http://www.springframework.org/schema/context/spring-context.xsd
		http://www.springframework.org/schema/tx
		http://www.springframework.org/schema/tx/spring-tx.xsd"
	   xmlns:context="http://www.springframework.org/schema/context"
	xmlns:tx="http://www.springframework.org/schema/tx">

	
	<bean id="carObj" class="com.sbi.level3.Car" autowire="byName">
	</bean>
	
	<bean id="engine" class="com.sbi.level3.Engine" autowire="constructor">
		
	</bean>
	
	<!-- <bean id="petEng" class="com.sbi.level3.PetrolEngine" autowire="constructor">
		
	</bean>
	
	<bean id="diesEng" class="com.sbi.level3.DieselEngine" autowire="constructor">
		
	</bean> -->
	
	<bean id="c" class="com.sbi.level3.Piston">
		<constructor-arg value="TwinSpark"/>
	</bean>
	
</beans>